group,name,dataset,model_type,epochs,enable_dp,epsilon,seed,avg_js,avg_wasserstein,corr_diff,dcr_leakage_pct,dcr_mean,nndr_mean,mia_auc,tstr_rf_f1,tstr_gb_f1,tstr_lr_f1,trtr_rf_f1,trtr_gb_f1,trtr_lr_f1,wall_time_sec,status,report_html,epsilon_label
A,A1-CTVAE,telco_customer_churn,ctvae,100,False,,42,0.0042,0.06823333333333333,0.1192,0.0,1.702,0.872,0.4873,0.6694,0.6838,0.7079,0.724,0.7129,0.7405,89.08142018318176,OK,T:\coding\synthetic-tabular-data\artifacts\telco_customer_churn\evaluation\compliance_report.html,No DP
A,A2-CTGAN,telco_customer_churn,ctgan,100,False,,42,0.0005,0.039799999999999995,0.0268,1.0,1.2051,0.7932,0.5014,0.7055,0.6879,0.6921,0.724,0.7129,0.7405,555.8102419376373,OK,T:\coding\synthetic-tabular-data\artifacts\telco_customer_churn\evaluation\compliance_report.html,No DP
A,A3-Diffusion,telco_customer_churn,diffusion,100,False,,42,0.0094,0.08713333333333333,0.0748,0.0,1.3915,0.8263,0.4919,0.6884,0.6952,0.6995,0.724,0.7129,0.7405,120.24996376037598,OK,T:\coding\synthetic-tabular-data\artifacts\telco_customer_churn\evaluation\compliance_report.html,No DP
B,B2-DP-e10,telco_customer_churn,ctvae,100,True,10.0,42,0.0016,0.08796666666666668,0.1252,0.1,1.747,0.884,0.4747,0.5904,0.6097,0.6738,0.724,0.7129,0.7405,143.05706906318665,OK,T:\coding\synthetic-tabular-data\artifacts\telco_customer_churn\evaluation\compliance_report.html,eps=10.0
B,B3-DP-e3,telco_customer_churn,ctvae,100,True,3.0,42,0.0083,0.12473333333333332,0.1243,0.0,1.7423,0.8766,0.4792,0.6519,0.5929,0.6699,0.724,0.7129,0.7405,178.5355520248413,OK,T:\coding\synthetic-tabular-data\artifacts\telco_customer_churn\evaluation\compliance_report.html,eps=3.0
B,B4-DP-e1.5,telco_customer_churn,ctvae,100,True,1.5,42,0.0147,0.14233333333333334,0.1143,0.0,1.6827,0.8809,0.4942,0.6202,0.6088,0.6817,0.724,0.7129,0.7405,224.1085970401764,OK,T:\coding\synthetic-tabular-data\artifacts\telco_customer_churn\evaluation\compliance_report.html,eps=1.5
C,C1-Adult-CTVAE,adult_income,ctvae,100,False,,42,0.0563,0.01651666666666667,0.0839,0.2,0.6735,0.8763,0.512,0.6403,0.7102,0.744,0.7828,0.816,0.7899,769.196216583252,OK,T:\coding\synthetic-tabular-data\artifacts\adult_income\evaluation\compliance_report.html,No DP
C,C2-Adult-CTGAN,adult_income,ctgan,100,False,,42,0.0824,0.024649999999999995,0.0631,0.2,0.5034,0.8456,0.5086,0.6896,0.7282,0.7222,0.7828,0.816,0.7899,3178.5784142017365,OK,T:\coding\synthetic-tabular-data\artifacts\adult_income\evaluation\compliance_report.html,No DP
C,C3-Adult-Diffusion,adult_income,diffusion,100,False,,42,0.0918,0.020350000000000004,0.0687,0.1,0.3092,0.8672,0.5071,0.7524,0.7545,0.7362,0.7828,0.816,0.7899,654.546679019928,OK,T:\coding\synthetic-tabular-data\artifacts\adult_income\evaluation\compliance_report.html,No DP
